id,year,title,source_type,checked_scope,terrain_handling,project_relevance,limitation,url,additional_url
R01,2019,Planetary Rover Simulation for Lunar Exploration Missions,IEEE Aerospace作者稿,全文相关章节尤其第4节,月面DEM加分形细节及基于尺寸频数与喷出物关系的坑和岩石,校准程序化地形,合成细节不是对应地点实测真值,https://ulandwong.com/wp-content/uploads/publications/RPSim_paper_draft_2018.pdf,https://ulandwong.com/publications/
R02,2020,Vision-Based Decision Support for Rover Path Planning in the Chang’e-4 Mission,Remote Sensing出版社PDF,全文相关章节尤其3.1节,轨道粗规划加车载立体局部DEM和障碍图,实际任务的多尺度地形处理,地面遥操作支持且输出格距不等于有效分辨率,https://doi.org/10.3390/rs12040624,https://mdpi-res.com/d_attachment/remotesensing/remotesensing-12-00624/article_deploy/remotesensing-12-00624-v2.pdf
R03,2022,Fast Path Planning for Long-Range Planetary Roving Based on a Hierarchical Framework and Deep Reinforcement Learning,Aerospace出版社PDF,全文相关章节尤其6.1和6.3节,合成地图训练加两处CE2TMap2015真实区域测试,训练和真实区域测试分工,20米格距公里尺度不能证明亚米避障或停驻安全,https://doi.org/10.3390/aerospace9020101,https://mdpi-res.com/d_attachment/aerospace/aerospace-09-00101/article_deploy/aerospace-09-00101.pdf
R04,2024,Lunar Rover Collaborated Path Planning with Artificial Potential Field-Based Heuristic on Deep Reinforcement Learning,Aerospace出版社PDF,全文相关章节尤其4.4节,随机地图训练加Leibnitz beta plateau真实DEM双车测试,多月球车学习迁移先例,真实DEM试验有限且产品编号和预处理未充分说明,https://doi.org/10.3390/aerospace11040253,https://mdpi-res.com/d_attachment/aerospace/aerospace-11-00253/article_deploy/aerospace-11-00253.pdf
R05,2024,OmniLRS: A Photorealistic Simulator for Lunar Robotics,ICRA论文的arXiv v1全文及官方软件文档,III-A及实验范围和现行README,实验场扫描或LRO重建及超分辨率和程序化细节,Isaac地形导入与多机器人仿真,主要验证岩石分割且需区别论文版本和当前功能,https://arxiv.org/html/2309.08997v1,https://github.com/OmniLRS/OmniLRS
R06,2023,LunarNav: Crater-based Localization for Long-range Autonomous Lunar Rover Navigation,IEEE Aerospace作者arXiv全文,第4节真实与模拟数据,DEM渲染及参数化坑分布及Nobile地形RSIM和嫦娥数据,按验证目标安排不同地形保真度,定位研究不能替代多车控制评估,https://arxiv.org/abs/2301.01350,https://arxiv.org/pdf/2301.01350
R07,2023初稿/2025修订,POLAR-Sim: Augmenting NASA’s POLAR Dataset for Data-Driven Lunar Perception and Rover Simulation,arXiv v2全文,II-C及III节,13种地球模拟月面场景激光点云转地面与岩石网格,局部感知与几何验证,不是月面原位地形且不以稿件模板推定正式出版状态,https://arxiv.org/html/2309.12397v2,https://arxiv.org/abs/2309.12397
R08,2025,LROC NAC-derived Meter-scale Topography of the Moon’s South Polar Landing Sites: Digital Terrain Models and Their Quality Assessments,JAXA官方产品页及作者Zenodo数据,产品说明与数据清单未全文审读论文,六处LUPEX候选区1米SfS地形及正射影像和高程不确定性,优先候选真实区域数据,未读取栅格且1米格距不等于亚米真实几何,https://jlpeda.jaxa.jp/en/product/archive/detail_14/index.html,https://zenodo.org/records/17153447
D01,2023介绍/现行目录,DLES/DUST,NASA工程项目,官方介绍与软件目录,LRO DEM加星历和合成纹理及坑和岩石,混合地形工程先例,20厘米增强地形不是20厘米实测月面,https://www.nasa.gov/general/prototype-immersive-technologies-lab/,https://software.nasa.gov/software/MSC-27522-1
C01,2026,Safety-Aware Reinforcement Learning for Lunar Rover Navigation Using Orbital DEMs,IEEE Access出版社索引摘要,仅摘要及出版元数据,LRO驱动训练及留出DEM块评估的作者声明,后续追查真实地形RL评估,未核查全文和地图拆分不能采用其结果为核心依据,https://ieeexplore.ieee.org/abstract/document/11630678/,https://doi.org/10.1109/ACCESS.2026.3717682
C02,2026,HIA-APF: A hierarchical based path planning method for lunar rovers on a partially observable surface,出版社摘要,仅摘要,低分辨率DEM先验与局部高分辨率观测及真实区域测试,后续追查部分可观测月面规划,地图来源及处理细节未核查,https://www.sciencedirect.com/science/article/pii/S0921889026000618,
