id,authors_year_venue,title_and_links_markdown,relevance_and_limits
R01,"Nayyar, Mahajan, Teneketzis；2013；IEEE TAC",[Decentralized Stochastic Control with Partial History Sharing: A Common Information Approach](https://ieeecss.org/paper/decentralized-stochastic-control-partial-history-sharing-common-information-approach)；[作者预印本](https://arxiv.org/abs/1209.1695),分开共同与私人信息；动态规划不是可直接部署的轻量算法
R02,Schroeder de Witt等；2019；NeurIPS,[Multi-Agent Common Knowledge Reinforcement Learning](https://proceedings.neurips.cc/paper_files/paper/2019/hash/f968fdc88852a4a3a27a81fe3f57bfc5-Abstract.html),协调依赖共同可重建信息；不等于任意有限消息均形成共同知识
R03,"Liu, Zhang；2023；ICML",[Partially Observable Multi-agent RL with (Quasi-)Efficiency: The Blessing of Information Sharing](https://proceedings.mlr.press/v202/liu23ay.html),研究信息结构与学习复杂度；定理条件需核查，不给本项目MAPPO保证
R04,Ding等；2024；NeurIPS,[Multi-Agent Coordination via Multi-Level Communication](https://proceedings.neurips.cc/paper_files/paper/2024/hash/d6be51e667e0b263e89a23294b57f8cf-Abstract-Conference.html),分阶段沟通与决策顺序；局部通信版保证弱于完整通信推导
R05,"Zhou, Xu, Shen；2023；IEEE T-RO",[RACER: Rapid Collaborative Exploration With a Decentralized Multi-UAV System](https://doi.org/10.1109/TRO.2023.3236945)；[作者代码](https://github.com/Robotics-STAR-Lab/RACER),分工与层级规划；无人机覆盖不等于非完整地面车共同停驻
R06,"Corah, Michael；2017；RSS",[Efficient Online Multi-robot Exploration via Distributed Sequential Greedy Assignment](https://www.roboticsproceedings.org/rss13/p70.html),减少重复信息采集；信息目标的结构条件需满足
R07,"Kantaros, Schlotfeldt, Atanasov, Pappas；2019；RSS",[Asymptotically Optimal Planning for Non-Myopic Multi-Robot Information Gathering](https://www.roboticsproceedings.org/rss15/p62.html),运动与信息联合规划；不直接给有限通信端到端选址算法
R08,"Tian, Zhang, Wei, Guo；2024；RSS",[iHERO: Interactive Human-oriented Exploration and Supervision Under Scarce Communication](https://www.roboticsproceedings.org/rss20/p115.html),主动安排信息交换；人机监督任务与本项目不同
R09,"Asgharivaskasi, Girke, Atanasov；2025；IEEE T-RO",[Riemannian Optimization for Active Mapping With Robot Teams](https://doi.org/10.1109/TRO.2025.3526295)；[作者项目](https://existentialrobotics.org/ROAM/),分布式地图/规划一致性；不自动解决终端容量和进入冲突
R10,Fan等；2021；RSS,[STEP: Stochastic Traversability Evaluation and Planning for Risk-Aware Off-road Navigation](https://www.roboticsproceedings.org/rss17/p021.html),地形不确定性、尾风险与动力学规划；不是多车共同终端选择
R11,"Tordesillas, How；2022卷期，2021在线；IEEE T-RO",[MADER: Trajectory Planner in Multiagent and Dynamic Environments](https://doi.org/10.1109/TRO.2021.3080235)；[作者代码](https://github.com/mit-acl/mader),发布轨迹与连续避碰；UAV动力学和通信前提不同
R12,Kondo等；2024；IEEE RA-L,[Robust MADER: Decentralized Multiagent Trajectory Planner Robust to Communication Delay in Dynamic Environments](https://doi.org/10.1109/LRA.2023.3342561)；[全文](https://arxiv.org/html/2303.06222v4),时延下的轨迹去冲突；需要时延界、不覆盖完全失联、不保证无死锁
R13,"Wang, Ding；2014；IEEE TAC",[Distributed RHC for Tracking and Formation of Nonholonomic Multi-Vehicle Systems](https://doi.org/10.1109/TAC.2014.2304175),终端区域、辅助控制与轨迹相容；同步和模型假设不能忽略
R14,Zhang等；2025；IEEE T-RO,[Deadlock-Aware Control for Multirobot Coordination With Multiple Safety Constraints](https://doi.org/10.1109/TRO.2025.3600159)；[作者代码](https://github.com/Parker-Zhang/Shaping-CLF-MCBF),安全约束引起非期望平衡；不能直接复制为任意地形全局完备规划器
R15,"Mayne, Rawlings, Rao, Scokaert；2000；Automatica",[Constrained Model Predictive Control: Stability and Optimality](https://doi.org/10.1016/S0005-1098(99)00214-9),区分可行性、稳定性和有限时域优化；定理均有具体条件
R16,"Ostafew, Schoellig, Barfoot；2016；IJRR",[Robust Constrained Learning-based NMPC Enabling Reliable Mobile Robot Path Tracking](https://doi.org/10.1177/0278364916645661),越野模型误差与鲁棒跟踪；不负责共同选址
R17,"Wabersich, Zeilinger；2021；Automatica",[A Predictive Safety Filter for Learning-based Control of Constrained Nonlinear Dynamical Systems](https://doi.org/10.1016/j.automatica.2021.109597),约束与学习模块化；保证需误差模型及可行后备策略
R18,Yu等；2022；NeurIPS Datasets and Benchmarks,[The Surprising Effectiveness of PPO in Cooperative Multi-Agent Games](https://proceedings.neurips.cc/paper_files/paper/2022/file/9c1535a02f0ce079433344e14d910597-Paper-Datasets_and_Benchmarks.pdf),MAPPO经验基线；不是一般Dec-POMDP收敛定理
R19,Foerster等；2018；AAAI,[Counterfactual Multi-Agent Policy Gradients](https://ojs.aaai.org/index.php/AAAI/article/view/11794),区分个体动作贡献；不能解决缺失信息或不可执行动作
R20,"Ng, Harada, Russell；1999；ICML",[Policy Invariance Under Reward Transformations: Theory and Application to Reward Shaping](https://ai.stanford.edu/~ang/papers/shaping-icml99.pdf),折扣势函数塑形；需处理终止边界，不能承诺有限样本学习成功
R21,"Sutton, Precup, Singh；1999；Artificial Intelligence",[Between MDPs and Semi-MDPs: A Framework for Temporal Abstraction in Reinforcement Learning](https://doi.org/10.1016/S0004-3702(99)00052-1),持续时间动作与SMDP；分层不是自动可达性证明
R22,Nachum等；2018；NeurIPS,[Data-Efficient Hierarchical Reinforcement Learning](https://proceedings.neurips.cc/paper/2018/hash/e6384711491713d29bc63fc5eeb5ba4f-Abstract.html),目标条件低层与高层；两层同时改变会造成非平稳
R23,Andrychowicz等；2017；NeurIPS,[Hindsight Experience Replay](https://proceedings.neurips.cc/paper/2017/hash/453fadbd8a1a3af50a9df4df899537b5-Abstract.html),稀疏目标奖励的离策略数据利用；不能重标掉安全和平地条件
R24,"Achiam, Held, Tamar, Abbeel；2017；ICML",[Constrained Policy Optimization](https://proceedings.mlr.press/v70/achiam17a.html),奖励与约束分开；期望约束不等于逐轨迹安全
R25,"Zheng, Myers, Eysenbach, Levine；2026；ICLR",[Scaling Goal-conditioned Reinforcement Learning with Multistep Quasimetric Distances](https://proceedings.iclr.cc/paper_files/paper/2026/hash/eddc0fab5a42f8d8de6eb5566cd9f1d3-Abstract-Conference.html),学习非对称时间距离的近期参考；不证明未知地形多车协调有效
R26,Agarwal等；2021；NeurIPS,[Deep Reinforcement Learning at the Edge of the Statistical Precipice](https://papers.nips.cc/paper/2021/hash/f514cec81cb148559cf475e7426eed5e-Abstract.html),多运行不确定性、IQM和性能分布；不把多episode当作多训练seed
R27,Faust等；2018；ICRA,[PRM-RL: Long-range Robotic Navigation Tasks by Combining Reinforcement Learning and Sampling-Based Planning](https://doi.org/10.1109/ICRA.2018.8461096)；[作者预印本](https://arxiv.org/abs/1710.03937),长程拓扑与局部控制互补；原地图和多机器人条件需另行处理
